<?xml version="1.0" encoding="UTF-8"?>
<project-private xmlns="http://www.netbeans.org/ns/project-private/1">
    <editor-bookmarks xmlns="http://www.netbeans.org/ns/editor-bookmarks/2" lastBookmarkId="0"/>
    <open-files xmlns="http://www.netbeans.org/ns/projectui-open-files/2">
        <group>
            <file>file:/C:/Users/Micah%20Lara/Documents/NetBeansProjects/FindPusheen/src/findpusheen/Medium.java</file>
            <file>file:/C:/Users/Micah%20Lara/Documents/NetBeansProjects/FindPusheen/src/findpusheen/Hard.java</file>
            <file>file:/C:/Users/Micah%20Lara/Documents/NetBeansProjects/FindPusheen/src/findpusheen/MainMenu.java</file>
            <file>file:/C:/Users/Micah%20Lara/Documents/NetBeansProjects/FindPusheen/src/findpusheen/Choices.java</file>
            <file>file:/C:/Users/Micah%20Lara/Documents/NetBeansProjects/FindPusheen/src/findpusheen/Easy.java</file>
        </group>
    </open-files>
</project-private>
